Stacy Fletcher ,317143
Ranjani Ramaswamy  ,99200
Aditi Upadhyay ,81546
Sreekanth  ,47000
Ashriya jayapal ,45517
Fateh Singh Aurora ,41625
Daisy Chittilapilly ,39650
Nivedha R ,38401
Pavithra Shekhar ,37460
Imtiyaz Khateeb ,36245
Shiban Fayaz Ahmed ,36051
Anupriya Gowda  ,35200
Gowri Lakshmi  ,34790
Veena Viswanathan ,32825
Rahul Kurzekar ,32501
Nandita ,32011
Jyothi Nahata ,30862
Preethi K.P. ,30400
Aswathi K  ,30400
Anusha A S Kamath  ,29677
Niranjana Rajesh ,29200
Djokovic ,28360
Prashanth Joseph Babu ,28050
Devi Konisetti ,25501
Taabinda (Taaby) ,25450
Nishi Praveen  ,24677
Vaishnavi DP ,24425
Shreyas Isaac  ,24075
Rhea Anne Murali ,23884
Indira Upadhya ,23816
Pranathi Harihar  ,23729
Swathi ,23701
Suchet Iyer ,23700
ABHISHEK NAYAK  ,22900
Rumana   ,22174
Swetha P  ,22170
Swapna Verghese,21890
Prathyusha Ivaturi ,21866
Hiral K Lakhana ,21716
Madhumitha V  ,21500
Pooja M Raju ,20703
Kritheka ,20185
Rose Mathew  ,19525
Anupama G R ,19500
Esther Natasha ,19300
Sneha Surendra ,18632
Shristi ds ,17800
Krithika Raj ,17684
Manasa S ,17404
Lakshmi Narayanan    ,17018
Aanchal Mehta ,16851
Dharini Ravikumar,16554
Namratha Dinesh ,16050
Chandan Kumar ,15656
Milind N ,15500
Kundan Jha       ,15250
Aishwarya Murugananthan,15033
Vishaka J  ,15000
Shashwati S ,15000
Rowena Gabriella ,14820
Zaina ,14719
PREETHA.K ,14550
Rishika Sankaran  ,14466
Pratheeksha Adyanthaya ,14400
Riya Esther ,14000
Medha S ,13853
Nithya simha ,13800
Akshaya  ,13600
Akancha Benayak Singh ,13356
Ganga Avarekad ,13209
Fathima Shayek  ,13125
Vijayalakshmi.G ,13100
Leanne D'souza ,13000
Meghana Mohan ,12600
Srilakshmi G S  ,12450
MEGHA MT ,12355
Aishwarya .T.S ,12100
S Sushmitha Lakshmi ,12000
Jayashree Jayakumar ,12000
Prathiksha Ravoor ,11710
PRIYA LASHMI  ,11600
Dantin Kakkar  ,11600
Eifa armar  ,11572
Aakash Athawasya  ,11475
Divya Jain   ,11401
Ganavi K R ,11400
Apeksha S     ,11376
Prakruthi Devaraj ,11301
Divya Bhatia ,11300
Amith B.V. ,11086
Arundathi Varma ,10800
Sonali Chandra ,10750
Anjana Raman ,10651
Hemashwetha KS ,10651
Vedashree S Bhat ,10641
Bhamini ,10506
Joan Liang ,10500
Dipra Agarwal ,10400
Divya Unni ,10360
Meenakshi Harikrishna ,10350
Nayana B Menon ,10335
raghavendra (raghu) ,10200
Karen Maria Punnen ,10100
Ankur Jain ,10100
Chaitanya V ,10093
DHRUV BHULANI ,10092
Prathika.v.m ,10050
Neha Rebecca Chacko ,10046
Simran Choraria   ,10000
Siddharth Mishra   ,10000
Mehr Kohli  ,9986
Pratheek ,9975
SHAMITHA G H ,9925
Raksha G ,9901
Shreya Srinivas  ,9750
Akansha Ramesh  ,9701
Akhila. B ,9700
Monica Vinod  ,9625
Thamina Yasmin ,9600
Diya A Pal ,9500
Suman Murthy ,9351
Nikita Carolyn ,9333
Melba Kuriakose   ,9280
MD Fayaz   ,9200
Saju Thomas  ,9200
Aditi Vivekanand   ,9166
Chaithanya Vijay Kumar ,9050
Lubna Firdouse,8975
Tanvi Jhangiani ,8700
Namratha ,8675
Nitin John ,8671
Sridevi Ramesh ,8653
Vandana Agarwal ,8610
Saraswathy ,8600
Tinoy John ,8575
Angelica Rao ,8500
Sahana Arekal    ,8381
Zaina Abir ,8325
Cherian Varghese ,8325
Mythri Rajashekar ,8317
Aishwarya R ,8300
Parinitha S ,8200
Chongtham Sen Chanu ,8174
apoorva sridhar ,8125
Aishwariya Sujesh ,8000
Sanjana Raj  ,8000
Revanth Ramsundar ,8000
Likith Ravilla ,8000
Anushree.S ,7975
Poojitha ,7950
Mervyn Pereira ,7931
Vishal Kumar ,7800
Jennifer Mary jason ,7750
Aishwarya Javali ,7650
Gayathri V ,7601
Vishal.N.M ,7600
V Sheetal  ,7600
Greeshma M ,7500
Suha  ,7500
Gurujeet Shetty ,7425
Anoushka Acharya ,7400
Anurag Unnikrishnan ,7325
Madhuri ,7300
Pratheeksha Praveen ,7201
Vidisha Ghosh  ,7180
Aileen Mariya Alias ,7100
Anshula Jayaswal ,7100
Rachna Rangwani   ,7067
Khushi ,7050
NISHIKA KRISHNA ,7001
Divyang Narayan Wadhwani ,7000
Ishan ,7000
Aditi N  ,7000
Yadav G ,7000
Ishika H Jain ,7000
Apoorva v ,6950
Johann Jaykumar ,6938
Tesa Kunnel Jose   ,6900
Sukruthi C ,6875
Sindhu Suresh   ,6750
Ananda Barua   ,6650
Deepthi  ,6632
Sana hassan ,6608
Monisha M E ,6475
Charu Raheja ,6401
Tuhina  ,6400
Meghana Bhalaki ,6400
Yashwanth N ,6359
Harshitha Vadivel ,6332
Uzma Inayath ,6300
Ashwini ,6300
Chaitanya G ,6250
Shreya Pramodh ,6210
Suvradeep Banerjee ,6201
Rakshit Ravindranathan ,6100
Brunda M ,6100
Kanchi shah ,6035
Bhargavi D ,6023
Saifur Rahman Mohsin ,6000
Mann Chhatbar   ,6000
Aishwarya U. Gaikwad ,6000
Prateek Jain ,6000
JYOTI KAILASH ,6000
Priya b ,6000
Bhargav Reddy  ,5980
Amreen Hasheem  ,5950
Meghana. S ,5950
Kanaka Samagna T S  ,5911
Harshitha A K ,5900
Minu ,5700
Janani Srigopal ,5667
Sarika Paul ,5600
Arvind Krishna   ,5600
Aditi Swamy ,5550
Sanjana D M ,5550
Harshitha B K ,5540
Abhiroop Bhatnagar  ,5500
Rachit Ajitsaria    ,5500
Lekha priya ,5500
Zahara Hussain ,5500
RASHMI P  ,5500
Christle Mascarenhas ,5500
Neha Bothra ,5500
Anson Antony ,5500
Chandana Yadav ,5450
Karthik Suresh ,5400
Pavithra V ,5350
Tanushree.P ,5350
Sanjana Rajamani ,5300
Gowri Ithal ,5300
Nanditha Umasankar ,5250
Punit Sharma ,5200
Shruthi H Chadaga ,5150
Aashna Bhandari ,5112
Anna Siju ,5100
Mrudula K V ,5100
Akanksha Ravi ,5100
Apeksha H ,5100
Jessia saji ,5075
Snehdeep Singh Lamba ,5014
Chinmayi Prakash ,5001
Vainavi Alva ,5000
Priyal Kedia ,5000
Jaishree Rao  ,5000
Varsha S  ,5000
Monisha Anandan ,5000
Anirudh Shrihari  ,5000
Saloni ,5000
Trisha S Bhat ,5000
Kiran Mayi  ,5000
Rahul Baikadi ,4925
Khusboo Agarwal ,4850
Chaitanya G  ,4800
Mansi M Jain ,4701
Gowthami ,4650
Shreya Saxena ,4625
Nehal Jain ,4601
Pragna.V ,4551
Harini Lakshmi TN  ,4500
Shrea Johl  ,4500
Vaishnavi. Balaji ,4500
Munira Electricwala ,4500
Simran Gera ,4500
Madhusudan Sarda  ,4500
Nikita ,4364
Ritu ,4221
Isha Ilyas,4200
teslajose13 ,4160
Sumetha.CK,4100
Spandan Padhi,4100
Shivakumar Basavaraj ,4100
Varsha M S ,4055
SreeRaksha S ,4050
Vivian ,4000
Mitali Srivastava ,4000
Sivakumar Anandan ,4000
Gauri Nair ,4000
Tanya Singh ,4000
Prerana P ,3940
Spoorthi K J  ,3900
SOWMYA BP  ,3900
Akanksha Das ,3811
Unnati Raheja ,3750
Vaishnavi M Gowda  ,3700
Pravishya ,3700
Aishwarya Mohan ,3700
Vatika Jhunjhunwala ,3695
Antony ,3600
Jennifer Liz Fernandes ,3550
Ramya M Athreya ,3550
Karthik G ,3450
Tarini ,3423
Chidroop Sagar  ,3331
Faiza banu,3300
M C REKHA MENON ,3250
Akhila philips ,3200
Chaithra K  ,3100
Richitha R,3100
Jason Paul D'Silva ,3000
Ananya ,3000
SPOORTHI HK ,3000
Bhavana Sodha ,2900
Yamini Palreddy ,2900
Dechamma Sudaiah  ,2850
Amrutha Srivatsa ,2800
Ayman Kauser ,2800
Bilal Siddiqui ,2700
Krithi Shetty ,2700
Maya Gambheer ,2700
Swathi P R  ,2700
RamyaP ,2601
TANVI MACHAIAH P ,2600
Aveksha S ,2575
Anushka Rachel Mendonce ,2500
Raghavendra TN ,2500
SHELDON BENSON LOBO ,2500
R S N Murty ,2500
Taral Emmanuel Lazarus Rodrigues ,2500
Nagashree. S ,2500
Kritika Jain ,2415
Christopher Jason Sagayaraj ,2400
Priya Sreevatsa,2350
Dharshan R,2300
IFRA MASUM  ,2300
Ashwini KV  ,2294
Manisha.L ,2251
Philip Varghese ,2235
Manish Gupta ,2201
Abhishek Kumar ,2200
Jayashree C ,2200
Raksha S Honnali ,2200
Shama Dixit ,2175
Chaitanya Priya ,2170
Trupthi Janet ,2150
Niveditha CA  ,2100
Subhamadhi Muthuvel ,2100
Madiha Batool ,2100
Nazia Tanveer   ,2100
Shilpa.R ,2100
Siri A.R   ,2100
Mahima K ,2100
Preethi Sadanandan ,2100
Priyanka R ,2000
Nainisha K Kumar ,2000
Chandini R ,2000
Apeksha D ,2000
Athira Nair ,2000
Nayana BK ,2000
Mamta Punjabi ,2000
Ayesha Kabeer ,2000
Nidhi B ,2000
Poonam Jain Surana ,1980
SABAH FAISAL ,1950
Haripriya P ,1950
Jerin jose ,1911
Sinchana.S.M ,1900
Divyanshi Jaiswal ,1900
Priju Abraham Roy ,1900
Angelin Jose  ,1867
Sayeeda arshiya farheen ,1800
Prakruthi.M ,1800
Shivani Sharma ,1800
PALLAM REDDY NAVYA ,1750
Akshada Kumar,1700
Anya Menon ,1700
Kanika Sikka ,1700
Lischel Correa ,1667
Kusuma sri R  ,1650
Syeda Iram ,1600
Geethanjali S ,1600
Jeevitha H Patel ,1600
Deshna Dwivedi ,1558
Aaminah Kausar  ,1550
KAMYARACHEL ,1510
Isaac Jacob P A ,1501
Spoorthy Palavalli ,1501
Arpitha HB ,1500
Bhoomika G ,1500
VARSHA V  ,1500
T Chathurya ,1500
Neha Joseph ,1500
RAKSHITHA JADAV ,1500
MRUDULA H N ,1500
Siddharth Singh ,1451
Lincy Maria Sebastine    ,1425
Brinda N. Murthy ,1400
Aishwarya N ,1400
Tweesha Ostwal Jain ,1400
Mahima Singhvi ,1400
Renuka Paled ,1350
Akshita Khajuria ,1323
Harsha ,1302
Carina Padua ,1300
Pratiksha J shetty ,1300
Eva Mathews ,1300
sonia ,1300
Varsha Ramesh ,1300
Donna Lisa Mathew ,1250
sanjana hemanth   ,1200
A K Nitesh Kumar  ,1200
Jeevitha P ,1200
Madhumita Dutta ,1200
Tasneem MT ,1200
Greeshma P ,1200
Deshna Prakash ,1200
Prerana H Sulibhavi ,1170
Refa Fathima   ,1165
Rahat Sandhu,1150
Sangeetha S ,1102
Narendran S ,1100
Harsh Tibrewal ,1100
Vaishnavi.R ,1100
Riya Chopra ,1100
THEJASWINI M ,1016
Harshitha.H.G ,1001
Annie Rose Francis ,1001
Anoushka Sinha ,1001
Sadia ,1001
Diliptilak  ,1000
Khushi K Prasad ,1000
Jebhashini Rosalia GS ,1000
Umar Shah ,1000
Varsha Subba Rao ,1000
Michel Sandra ,1000
Subhalakshmi PR ,1000
ASHRITHA J ,1000
Debayan Das ,1000
Nishchitha.D.K. ,1000
Ridhima Gupta ,1000
Priyanka Hemchand ,1000
Sweety Agarwal ,1000
Alia Omer,1000
Ishaan Trehan ,1000
SHERWIN DARRYL D'SOUZA ,1000
Navya. T ,1000
Anuka Teja reddy ,1000
Sanjana Grace Charles ,1000
Charlyn O'Mari Prince ,1000
Shravan Ponnappa,1000
Bernice Peter ,1000
Pooja Subramanian ,1000
Rachita .M      ,1000
Shubanka.M   ,1000
Aiysha Manzoor ,1000
Akshay Chhetri ,1000
Swarup ,1000
Kanishka Chakraborty ,1000
Debankita Dey,1000
Divyashree KS ,1000
Ashwini herle ,1000
RAKSHITHA ANAND,1000
Devyani Singh   ,1000
Akshay Nair ,1000
Abhishek S ,1000
Harsh Ashesh   ,1000
Sami farhat ,900
Sanjana Bharadwaj S ,850
Arun M Shinde  ,800
Akshata C ,750
Sugandha Subhadarsani Mishra ,700
Ruchitha. R ,700
Navya ,700
Karthik G ,700
Ruchitha N Kumar  ,700
Shristi M ,700
Bharath Kumar A Y  ,600
Kavya Sharat ,600
Akshay A.S ,600
Niharika R ,600
Shishir K Shetty     ,600
sushmashree saravanan ,600
S Shukrutha Shri ,550
Harshitha. M ,550
Sneha Rachel ,530
NATASHA B JANAMATTI ,501
Chandralekha S ,500
Chandrakala HJ,500
parv modi ,500
Vindhya Gopal ,500
Meghana Urs B ,500
Geetha B N ,500
Kanak ,500
Anu Priya ,500
Manvitha Ramakrishna ,500
Sathyanarayanan Chandrasekar ,500
Kavya S ,500
Roshini Jacintha ,400
Pratiksha T M ,300
Tejas S Urs ,300
Taameen Shabir    ,300
A. Sanjana Sri ,300
Shivani Subramaniam  ,300
Anjana Prasad  ,250
Sunil Kumar ,210
MANSI SINGH ,200
Antara Nandi,200
Himani C ,101
Alisha karim ,100
Sara Susan Bobby ,100
Ashish H Singh ,100
Nitin B S ,100
Shifali Rai ,100
Chetan Jeyram ,100
Jonathan Sam Ravada ,100
H Tejasvini ,100
Yashika ,100
Maria Shaji ,100
Arjun Jayaprasad ,100
Simran ,100
Engila Akram khan ,100
Preity Veronica Roy ,100
Ruth Mahesh ,100
Sharique ,100
Mohamed Abnash ,100
Archana Raj ,100
Anushree Giridhar ,100
ananya yathirajan ,100
Sunaina ,100
Malav Thacker ,100
Justin Greegor ,100
Sangeetha ,100
Ashish Sardana ,100